favorite_count,retweet_count,tweet_id
36784,7845,-422076416
31670,5805,1578610688
23859,3844,1297526784
40105,8003,-2145996799
38305,8652,-1609211904
19270,2883,555134976
11235,1899,1716998144
62017,17509,265568256
26510,3976,-2658303
30351,6813,1536610304
29213,6800,-1911160832
26517,4632,492220418
45745,9295,-719933440
25754,4171,1473753094
14392,2094,-178860031
23970,4960,-1785278459
27712,4186,-1013694464
24330,3954,-304783360
18826,3246,-392941567
20712,3213,-1634291712
28741,4987,383221761
44071,10901,-1692962815
65540,16727,-619446271
32034,9708,-149458941
29121,5526,-1365983232
33322,7124,-1030250496
11436,2996,-1051234304
21367,4143,1020657664
20126,2944,1947516928
26630,5856,1846816769
31037,6257,1704316928
34225,5930,735543296
0,17213,-1445580800
20848,4070,-631787519
73500,16816,-1554542592
26509,5191,-1781035008
23123,4361,1205293057
25746,5275,-1676234752
19413,2773,-1126772731
20797,3204,1527808
43686,9191,-698920960
21582,3441,1469554688
35333,6166,-120139775
22743,3622,-1969790976
26925,4550,1909960704
26612,5629,2111176704
42735,10775,-740896768
27902,4555,1570111489
23159,3159,1868001280
48224,9917,114688001
47052,14832,-1441288192
22075,4876,-11141118
16217,2593,-1768468479
20263,3556,844550144
27161,5791,-1642639358
25700,3886,-1244344318
26333,4025,1188528128
21277,3244,-1214820352
22339,2960,-875057151
100799,41267,1029046273
16004,2914,1633013760
21458,4346,-1739087868
18077,2497,-1164484605
18444,3811,2086105088
7368,1198,-736796672
40084,6322,5513216
75719,17682,-2083028992
0,74,160878592
21660,3555,1192677376
26116,4833,-78147580
25848,5207,307671040
19725,3105,-1693073407
17906,2218,-145473536
26675,4345,1070907392
24028,3977,-1974190080
20914,4588,-1831510016
24315,4412,1939079168
26564,4325,1905573888
24877,3843,488079360
21703,3708,-635990015
32872,9630,429314048
23143,3683,-761819135
6872,1492,295129089
26116,5082,-1118334971
14093,3479,1125601282
19853,3429,483889153
38985,8465,1423228928
32917,7606,-1793626107
36142,10370,1616334849
19401,3268,-1621655547
19342,3257,1058492417
21810,3598,1981251585
32306,5841,-1693081599
11890,2491,567783426
79613,24950,1352110080
21029,3913,-900374528
35168,7855,-640200704
40879,9536,-866680828
27154,5968,-208166912
15364,2966,-1969881088
19661,3584,626487296
63049,13668,-1101737984
25732,5029,1171763201
9739,1969,664117249
23354,3973,-921198592
32758,6985,911704064
15535,2365,-1051238398
0,116,-107728895
31116,7486,-1122537472
18635,3303,1805094914
118224,33576,-262709248
50740,13616,56066048
24826,5359,-1734909952
25636,4770,-1575731200
27113,7340,1439965184
31265,8320,1909940225
14137,2885,1716895744
29131,8486,362070016
19969,3949,-141279232
14824,4011,1679216640
23121,5026,-535560192
8514,1059,-1982545920
8234,2328,-1588211712
18628,4938,-522977280
16596,3400,-451665920
19898,4745,-1529597952
72300,22268,-1021865984
35131,10297,1012137984
16730,3986,-1693179904
16258,3677,1582669825
0,778,827813894
7312,2072,1272299520
23034,5120,-1416130560
17893,3370,-648691712
16255,5641,1704247296
19094,3960,-1772654592
15053,3390,-69767167
18160,1512,-598249467
87770,29159,-841613310
33098,13194,-405352448
15231,3388,-2041081856
21041,4712,391614464
15406,2828,-174632960
15785,2517,-698904574
33529,10324,483872772
5775,1597,257388544
19641,4397,-2095603712
18549,3898,35082240
16013,2816,815226881
11656,1833,-2045280254
27308,6152,-1663602683
44950,17558,-1143603195
29459,8049,-1873301504
22517,5963,-1110048768
28946,6770,-644493312
18674,4618,1209278465
31654,7391,710262784
16035,3110,-581566464
28348,5660,-1227505664
34469,9952,408395776
15365,3511,1591181312
8992,1807,-1378508800
14822,2131,-1655205887
16219,3452,-1277767671
32944,9843,-1630052350
19893,6792,-745037824
11402,1572,-728256511
0,19,-1881747455
16189,3452,1851129856
24165,7013,844582913
20616,5693,1511497728
30803,9095,987156481
13060,2608,-1705586687
16320,3786,1784074240
20410,4862,1557630976
30479,7598,894828544
15882,3156,311738368
11410,1901,773287936
42420,8467,383213568
25225,4326,2073538560
24784,4600,492175360
16354,3052,-1906978816
0,432,1360396288
23570,5095,1934893056
5464,1335,-623550460
18827,3424,810823681
20572,4309,806666241
19986,5878,597086208
21541,3191,-791224320
20197,3939,-2112389120
44893,11617,-1936289791
31834,9090,-1441468415
16083,2881,-1525329919
29436,8750,-1982410751
25335,4818,2014744576
7673,1812,852922370
23503,5425,-1864921088
13728,2575,240496640
15214,3221,81125376
16597,3154,-1386819584
13753,2221,2056577024
21639,4663,756514816
17043,2765,1339346946
21719,6077,-1877557248
15397,3669,1255657473
6812,1295,-984100864
18270,3545,89579522
24706,5851,51818497
14136,3063,643211264
0,15328,-1722318847
25973,7885,-1076453375
12791,3732,1490485248
16012,4723,-640241664
23137,5382,-1764274176
12420,983,-371929088
9104,1787,332783617
16663,4603,-1391149056
19518,5815,509001728
13596,2315,2144665601
27857,7881,852910082
0,145,-707325951
27545,6623,1264005122
11308,2093,-19619840
0,35,1318346752
11076,1351,-1055440895
22876,4857,118915072
17888,3194,-1479192576
34669,7995,919928832
3892,448,-963215360
12996,2315,1121341441
16310,2410,1494695937
12952,2323,-53055488
19614,4719,1544974338
12800,2260,-564789248
14988,3031,-1466531836
21661,4380,1645527040
19408,4335,-921382910
18093,3677,672559104
16753,3073,-447434752
7866,1730,-745074688
26630,5875,-103337982
22837,3077,1708593157
11020,1682,-1617489919
21675,5591,1599496192
13911,2588,211222528
9801,1715,-816361468
21005,4857,110501888
16085,3730,-1902772224
13312,2248,-925483007
13638,2452,-1974059007
18352,3843,-1978310656
21157,3292,1746333696
15126,2091,-241811452
20548,4944,1368748032
13526,2254,-1412145151
0,39,882192384
17160,3696,898928643
16159,2851,-1173082112
12163,2265,538374144
17514,3268,1624637440
11546,2391,714489857
0,9573,-1995038720
0,9853,-1638498304
18227,4769,-2062127102
24456,6279,1167474688
28196,6665,1591037952
10660,1860,-1793658880
7311,1986,328597506
9171,2360,-1927921664
9433,1589,236195840
6675,1152,-275369984
11989,2511,-1370140671
12156,2092,1368731649
8134,1528,43401216
68299,17212,-1445580800
10043,3035,-1936240640
0,5163,-1336524800
12480,2006,-2116657152
32445,10896,1599533056
10682,2082,-15310839
24977,7558,-732549119
54253,16726,819331072
26165,6023,1939275776
37392,11492,672489473
9733,1387,278269953
6470,1190,-2011758589
7847,1324,961945601
12885,2273,1029050368
7547,1101,206974976
12835,3020,-1122615296
12036,2946,-90927104
10588,2207,-1223270400
20565,5393,-573218816
15843,3093,-1751773183
7597,967,-2032779264
16243,3142,-1965621248
10821,2298,-107581439
22090,5163,-1336524800
37284,10463,-1625935872
10291,2418,1092046848
18865,4320,1230381057
13595,2678,-958988283
4992,954,-1470758912
16030,3227,-2099875835
10705,1934,1947598850
13036,2563,-2087235580
53548,17793,727121920
18766,4678,-1747517440
6479,1302,-510251008
0,5651,-1743290367
15316,3628,-1122607104
10344,1793,1104629760
12109,10806,-1441382400
15463,3984,-1978183675
10910,2793,1058439169
14323,2595,2031554560
13370,2710,1855275008
16145,4162,-1562947583
0,10215,1817579521
17770,3557,-1680465920
135536,44733,1926725632
13632,2367,832012290
0,6615,-342487040
15199,3042,211226625
18659,6615,-342487040
28937,14853,1159168002
35955,10215,1817579521
11653,2391,433463297
0,3466,2140545024
8659,1704,1909854209
8250,1827,-2062090240
12119,4498,-1323925504
8917,2068,1284796417
9857,2210,261386241
13015,2359,1830252544
32447,10234,878149637
12573,3338,-1126911999
0,2657,-870879231
3437,583,429211648
20390,6489,1507332
5481,1224,1935032325
13263,5032,97918977
13824,3222,869732353
9917,2053,2111086594
7438,1243,1922437121
23773,6972,-1378467839
0,38130,974458880
0,19599,-2049622016
46620,19599,-2049622016
89555,38130,974458880
23063,7799,1289101312
10144,2667,-262914048
0,6364,-1667858432
11245,2555,-1978318848
11361,2369,-199979008
12676,2669,-1428754429
53374,28052,857083905
11067,2798,802492416
12148,3098,-1068089344
35028,15328,-1722318847
5782,990,1515618304
0,8789,-292089856
9028,2095,-535396351
12589,2702,638889984
8848,1709,-1932189696
0,4884,1683390464
10329,2115,366432257
10112,2279,-1378615295
31514,8415,-1961406460
8886,2025,1733693440
9212,2224,253108224
0,5480,-858497024
5132,1065,1431715842
23143,8789,-292089856
10169,2352,-1957289984
8488,1712,2090213376
10699,3954,618102789
7901,1330,-766107647
11652,2806,1226240000
8933,1927,-447340544
29751,9018,-2070601728
0,3309,-480804864
9613,1944,-1265152000
37640,14523,-589922304
8612,1833,534204416
19296,7582,1163333634
9533,1875,-1575518208
20536,4538,-468410368
9605,2000,1150595072
8033,2302,1465262080
8767,2470,-485228544
12269,3255,-1604972544
10674,2861,-1789509632
10909,3765,1121353728
10217,2873,-1391063040
8244,2031,-476770303
21677,7654,-1843965952
7853,1986,-174850048
6852,1486,-552202240
6274,1270,-1160364032
8239,2007,-241795072
14161,3817,1830191104
7522,1456,-1844183040
7809,1658,148307968
13217,3216,-1802043392
21650,6633,-78233599
5530,1494,-1764294656
9354,1844,-892076032
11363,2766,89587712
36557,11814,1041690624
15211,3499,940974080
16054,4092,1314344964
0,5108,-1504227328
7201,1525,739577856
20634,5853,919998464
13701,3680,-1923833855
10473,3173,1385431040
8204,2259,-11198463
11704,2713,2069147648
0,6173,64294912
9096,2298,1415020546
13022,3681,1196728320
15116,3793,1368694784
122791,57832,-497770496
0,7649,-1814622207
13535,4012,-1709748223
77543,36171,-1709748223
10597,2458,1398206464
0,12132,-661254144
6659,1235,-980082688
0,5588,-1126756352
8586,1999,-585871360
6801,1905,-187363328
5954,1721,-698908667
9114,2627,1012273153
8094,1787,156573696
14199,4003,-380231680
0,3361,-438931454
46235,16846,81195012
10427,2870,-275349504
0,7742,1490944
11356,4308,1590951936
8059,1941,1763053569
10401,2564,1951825920
9368,2093,567767040
0,3031,752254976
9267,2614,-1743294463
16809,6089,1611960320
7002,1427,2014711808
9409,2721,823431168
8011,1778,97824768
8509,2154,1435901952
6278,857,-741081088
25415,6173,64294912
8386,2194,836022272
10935,2904,538345480
13622,3122,1112842240
9855,2253,-1202307072
0,4499,1490481152
11578,2925,-2015985663
15874,2657,-870879231
29438,13730,1117224960
0,4879,-1374265343
8713,2252,-2070646783
8362,2009,122961920
10267,2872,404004867
8380,2571,2111262720
13596,4677,-1026076672
7756,1492,534134784
0,6770,-1403645952
0,5186,-535355392
0,5772,836128768
0,4072,-929644544
0,1935,890642432
0,2055,-1101791232
0,3500,-1604915200
10798,2668,638984192
12065,3248,1737822208
15090,5085,1310720
20712,6896,718700544
7971,2000,-1651200000
12304,3184,-1810403328
7868,1837,789921792
11427,4335,-313245696
0,14914,-1168707581
33516,14914,-1168707581
9457,2510,194269184
8789,2414,-891850752
11227,3867,1649811456
51587,24716,-1248362496
10467,3009,1683451904
16824,5651,-1743290367
0,3515,1574338560
10650,2407,-1789427712
0,10760,-1223262206
9939,2777,567771140
9557,3457,-61407231
17453,5108,-1504227328
9579,1952,2123792384
0,3269,72749056
8276,1693,467079169
11083,2476,-2032762880
25515,9573,-1995038720
9018,2492,-1529454592
20738,8714,735514625
10895,3423,81162240
10202,2993,685174785
9260,2912,-1751715834
15870,5875,-2032791552
7196,2091,-703254528
9777,2902,831913984
6416,1772,-1630081024
6697,2589,-1386864640
13174,4073,936800256
14880,4141,559288320
11750,4458,2102812673
7627,1751,-321449983
13956,4474,1876299776
7444,1877,2123763712
12194,3269,72749056
13627,4301,1217794050
9121,2645,1570140161
0,4265,-375984128
10227,2221,-1839788031
17271,4884,1683390464
0,2413,865501185
8521,2008,919908353
21433,7483,571867136
8122,1958,165044224
13028,3309,-480804864
9595,2413,865501185
7790,1850,1943494656
7018,2006,-1705639935
12198,3515,1574338560
9453,2707,-1957269504
10073,2919,-866770944
28416,12971,1725325312
28406,10760,-1223262206
16126,5478,169246720
7494,2180,-904495104
6337,1348,-1458143232
0,3567,-971546624
6357,1376,1284902912
8984,3187,1683357696
10619,2896,-157913086
11251,2951,-1059713024
8073,1814,-65642495
27546,8271,1930883072
18884,6349,1423409152
11020,2655,-1969782783
9754,3238,-178913280
11279,3651,1473642496
15801,4953,-1705611264
0,7320,-527015936
11797,3299,-438956032
6925,1903,1620471808
8107,2313,1737883648
9438,2070,404094981
7505,1698,-640258046
12468,5024,-57245696
10472,3361,-438931454
9288,2633,1779830784
5905,1332,1083670529
31046,11194,-812183552
7608,2038,1016467460
10808,3336,282460160
8741,2331,1490481153
17455,5711,-1101627392
0,5780,-1214992384
30153,12132,-661254144
8428,2291,-174850044
24932,7649,-1814622207
7734,1460,127361024
17847,5588,-1126756352
8051,1944,-598462463
17219,5786,-585752576
0,6437,-585818112
11483,3492,-300449788
10789,2817,-1114214400
21415,5760,1075212289
8707,2160,2102849537
10112,2832,349573120
22329,7596,269946880
7413,2079,-774471680
5672,1352,-1089007616
12500,3466,2140545024
6512,1798,878149632
0,3834,-766095359
0,119,-1747668991
5458,1113,-652799999
8986,2320,198664194
19560,7320,-527015936
9096,3212,-250118140
15253,4688,-1118367744
20645,7478,-359178240
7111,1358,-384491520
5944,1564,676728832
4779,1047,2010521605
14056,4494,739700736
0,12656,370593793
6028,1139,714481665
10724,3408,1154904069
8754,2733,2048270336
6746,1671,1821798400
6556,1682,2106982400
11573,3031,752254976
0,4375,1641476096
9036,2579,-1906962432
14731,4443,1939300352
0,14172,-975769599
5026,1255,920064000
9104,2870,-1403617279
30866,16418,1196847104
9906,2605,-1487532032
12109,4499,1490481152
1895,157,-1516826624
0,17092,-2028675070
12068,2751,802582528
14275,4122,-157880319
13340,4732,-833155072
7626,3074,492179457
16000,4879,-1374265343
8842,1843,-2003337215
6928,1780,-1537806336
22419,5705,1540820992
11041,4009,341270529
6582,1802,-648613888
6814,1679,156659712
5494,1346,756486144
22762,6364,-1667858432
23956,7712,-1055514624
9712,3340,-682225664
10281,4272,928452610
8818,3997,-2032705536
8285,2420,-2112417791
0,3492,-1885904896
6682,1741,-1877516288
6216,1440,-44625920
3911,1165,1230401540
3880,764,-1701376000
2792,479,-11108351
4106,959,488009728
12339,3500,-1604915200
8495,2682,-237608960
10794,5254,1473712128
0,7746,865517568
9422,3018,-2141822976
6408,1478,-132677632
7075,1701,940974084
0,223,-1399427070
5070,1237,-1718124543
5318,1459,-1848147968
7515,1809,899121152
6484,2156,-174649344
6420,1525,404156416
0,3148,-548102141
7782,2364,-761892862
32245,9853,-1638498304
6578,1713,1586978816
5551,1767,135729152
14780,6708,2098692100
4313,915,580255744
4227,1239,-1361678336
5180,1325,982917120
14012,3531,-241827840
11190,3662,144109568
4879,1429,1800896512
16445,5541,93749250
7683,2406,-103346176
12608,3890,-896110590
10421,2936,311918594
5206,1390,450256896
4128,817,-1294528512
6167,1639,567762944
6969,1938,609648640
0,2704,-799621116
4355,877,379019265
3837,513,1939300352
7432,2211,135659521
5332,1259,-971636736
27199,3483,1222074372
7261,2219,-2066341888
11921,3492,-1885904896
6617,1822,-1797885952
6185,1551,-707362816
12905,4265,-375984128
5513,1512,848715776
7545,2349,1935015936
12458,3717,-967434240
11530,6628,974397441
10555,4293,1964244992
4923,1149,-1835663360
32730,15974,-346587135
5535,2064,-2095706111
0,4027,1096159232
4369,880,-1470697472
50728,29874,-409575419
4230,1217,-1185521658
0,18559,-1172893695
5317,1492,1763053569
4585,1116,-1512603648
5432,1607,1469509633
11593,3567,-971546624
3902,1001,-388624383
6773,1961,-493424640
5082,1326,353796096
7776,3717,-1747554303
27441,11819,-422092799
4029,895,-489259008
5834,1856,680943616
15008,5811,638918656
6869,2029,-1739194368
6108,1951,-1856602112
0,21599,274137092
4814,1214,1389764609
8704,2508,1339428864
6220,1996,-925401083
0,1193,-996933632
14841,4277,219574272
6643,2082,-1881841663
3629,919,-359354363
11456,3938,1876250624
5852,1651,-1760288768
3896,1024,-858390528
4910,2279,869752832
5317,1958,-162131968
3491,1106,-2020188159
2763,384,-1592303616
7037,3331,-1898487807
0,8193,1876168704
4646,1239,-2049568768
4671,1130,1918308352
0,304,949354497
4437,1078,1305874432
15474,7025,-1126735871
5954,1785,-1382608895
4631,1459,2002157568
6426,2031,1473675264
6789,2057,2006323200
5179,1341,-187240448
10641,3671,1620533249
4034,1121,643194880
43746,17859,1947607041
6569,1567,425127938
7489,2954,1993797632
16822,5469,1167486976
21705,11344,-1823076352
0,8122,1247178752
7037,2589,-1844023295
2640,535,-1110016000
5428,1997,1276608512
3840,745,-1680412672
8033,2411,-1932099584
5959,2215,-1755938816
8087,3652,-1974067200
5897,1963,345464832
7826,2387,1469480960
3443,1067,-1386868735
4004,992,-1575591935
7053,1618,639045632
6124,1626,-732491776
4485,1595,-1105793020
7517,3507,1314357248
3893,1127,-2682880
0,16744,668229636
6065,1876,-610897920
5303,1362,-573108224
5924,1991,446099456
8079,3103,-1680404480
4497,1129,978743296
5142,1291,1851228161
3281,1020,1058435072
12771,6010,-1764290560
6458,1862,-1999179776
5180,1329,-745082879
4885,1402,1826033665
13464,5152,-803831808
4533,1165,-430563328
13438,4375,1641476096
4651,1177,114757632
3173,980,-1198030847
3699,1319,-334069760
4421,1341,-459931648
3103,862,492265472
2209,549,-1315545088
8023,3406,869666816
3215,914,-2091454464
3238,631,-346595328
2766,804,72843264
3301,924,1695973376
3123,836,-1160318976
5214,2505,-1189711872
4744,1348,228003840
6224,1681,2132180992
2676,545,-917102588
8746,3514,907472896
5595,2269,261513216
4882,1549,1058414592
3155,806,-1474945024
10958,3467,1947668480
5937,2301,1142292480
2825,969,-1651081216
4832,1629,-1818787840
4316,1353,290918400
6194,2018,-1017761791
2232,677,-1764343808
5315,1253,-648675327
3747,776,-1986584576
3731,721,-120168448
5871,2183,2014777345
6744,2598,1788252160
2999,998,735338496
2860,764,991301634
4935,1186,706121728
2363,561,-396947456
3753,1069,1314295809
5635,1635,1276547072
3940,1057,1956024321
5371,1607,1347813376
3436,937,408326144
9736,4050,-338227200
2939,304,-2015948800
6077,2167,-1630130176
5397,1763,-2057957376
4956,1629,2077646849
6151,1826,1054236673
4727,1095,-2032762880
6280,1660,626462720
7021,2244,-1315569663
3608,821,-1210638336
4086,1086,-1579773952
7114,2370,1167470593
7195,2585,1159069697
8736,2478,538320896
7304,2800,-1005178880
7355,2303,-1227481088
3013,633,-2053763069
8005,2734,1326776321
5702,1592,-1181347839
6898,2156,1813389313
158984,79316,-1265225728
4232,1112,1389649920
3694,975,-1026146304
4548,1396,-141090815
18702,6659,2039943170
3581,956,-1063895040
8028,3775,1502912512
4284,1246,1427398656
6306,1930,1024876544
3899,1390,-522809344
4494,2015,1075204096
7371,3951,651628544
9966,3834,-766095359
6900,2006,1461133312
4413,1405,1935040516
5210,1570,1435938816
4615,1533,1054244864
8288,2800,1628884992
3728,847,869687296
8909,3268,1666605056
9624,3148,-548102141
6474,2788,685002752
3456,951,-652800000
2879,796,-1521184766
18406,6917,-1835618304
35400,13484,-1621700608
2487,436,307671040
3332,876,1700044800
6770,1993,1670684672
20228,6006,928448512
4105,1092,-275329024
3856,864,-1202298880
5432,1671,-430546944
40141,21599,274137092
7244,2972,-1265205248
117375,58775,1075236864
3818,1156,1062625280
3355,798,1901465600
5156,1562,-1265336320
3289,852,-807993344
4373,1229,1867800576
8901,3417,1133842434
2546,654,1037369345
5345,1790,-153722880
10114,3506,-1068171263
5100,1347,-2120851456
10394,4520,471113729
3648,821,1855369216
14879,7508,-636047359
4333,1756,-1768652799
4029,1265,-673775616
8225,2821,848760832
7989,3030,1222053889
3643,1167,294944772
4072,1119,928436225
6248,2369,425000960
13162,5101,-1487482879
3378,890,1494552576
3164,986,-141131776
2775,528,-69951488
12715,6351,51806213
2538,550,1347723264
3607,790,374804480
3716,1031,265572352
3177,959,659853312
4252,1298,-325804032
50807,17092,-2028675070
2471,543,139878402
3587,902,1461129217
3713,785,1033129985
8175,2546,1628868608
15072,5480,-858497024
3528,999,2069168129
3886,1284,1398038528
6219,2006,819396608
4971,2152,-1911111679
3525,1057,488034304
3868,1065,1448386561
4921,1933,9732096
4090,1145,-115929088
1737,388,-1479102464
4024,1260,-942272512
5857,2342,-1856569344
1903,327,1549144065
3181,827,1683259392
4729,1728,1402351616
2807,686,-145305599
3350,1047,1343672320
4970,2029,1008087040
3730,972,-485085184
4356,1205,-984207360
4620,1684,-1449742335
4151,1120,735379456
2989,645,261431300
5953,1765,341086209
4520,1237,248918018
3372,754,-569085952
3076,820,-1315663871
3935,1403,-233431039
6979,2484,-552185855
3873,1536,659955712
3596,1014,2090217472
4462,1158,-2036936703
7132,2704,-799621116
4206,1383,1645617154
5256,1805,-2036965375
3754,1328,219578368
2387,644,-493588480
5328,1663,-1340686336
4367,1793,1423335425
2688,566,802623488
4220,1577,622231553
3945,1249,177491968
7761,2972,831967233
3045,900,-514424832
5336,1883,806649856
4144,1574,-1974042624
5019,1653,857022465
4676,1874,1364639744
2557,619,269783040
3145,776,-1063882752
2504,675,-1558781950
4178,1513,1964421120
6453,2544,-1617678335
2908,985,1456914433
3906,1127,-912912384
4957,2030,1863782400
4884,1755,-1391173632
4592,1455,2073341952
5118,1937,1318514689
2821,747,609685504
4462,1248,-1554587646
3458,963,1574309889
3520,1089,835985408
5306,1777,-1374281728
19040,8123,2123816960
2460,488,-216616960
2498,1024,1414983681
2731,527,-1600765952
4912,1519,-1579802622
1951,506,-1248391166
3915,1010,-1718165503
2492,607,-1739194368
2910,1127,-485081088
5832,1867,-1101602816
3188,856,2060890114
6355,1950,181866497
3289,980,-346624000
4333,1186,-568934396
7406,1551,1326886912
2399,213,-1223294976
2801,1073,-1571352576
6807,1931,-841732094
3230,887,316076032
4706,1704,1200902145
3949,1302,764805120
4357,1632,-1009336320
5530,1586,-338247680
3072,695,-627703807
2443,660,1251389442
5197,1906,-1575612415
4206,1247,597078016
3779,1048,1880559616
4171,1418,597082114
3313,1008,362151936
3666,937,1863712771
3064,723,-657047551
3310,840,-1747578880
2298,881,689315840
4362,1418,-1407774720
3336,793,1658236928
2871,749,911622145
4927,1392,-342482944
4474,1305,64237570
7306,2860,1662402561
4505,1482,1146486784
18760,6770,-1403645952
12470,5050,1469390848
4216,1227,1016508420
5384,1582,-1290354688
3830,1046,1230434305
2964,898,-1684611072
3300,489,1092009984
2293,634,-1109995517
0,127,1804881920
8156,2332,2056720384
2878,992,-254357504
8964,4159,1171529728
33206,18559,-1172893695
3897,926,-1349115904
3707,1152,-1810616320
3356,743,1561776128
3024,619,22474752
4620,1397,693383168
2574,696,1771511808
2723,540,-1412132863
2339,569,2115428352
4600,1893,-1483300864
2173,522,1687433216
4591,1263,1578541058
2423,1134,-1399451647
2941,898,-325808128
2796,891,-1080631296
5561,2005,-837410816
3030,1078,64417792
680,100,-1084882944
3566,1208,404152320
3589,1217,781656066
3339,1084,1356263427
1510,239,-19468283
2263,579,-32051200
2654,691,-996925440
2437,579,-321515520
12732,5882,752099328
2457,649,-1760124928
2061,421,739680261
4802,1653,500613120
3033,908,701939712
1706,506,-1168764928
16674,7010,-590065664
2777,826,1406582784
2573,729,1410801666
2589,683,-1290403838
3133,828,-1181298684
3627,1334,-845799424
2378,746,1670774784
4332,1568,1104605184
3429,857,1645617152
2721,993,509014017
1972,554,-606732288
4431,1944,-552148991
3170,1130,1591132160
2742,975,441913349
3318,964,697737216
2520,623,1465126912
3463,1010,970379264
17194,6437,-585818112
2303,705,1477844992
2320,604,1264001025
3546,1301,1859588096
3313,1100,1129783300
2510,649,1041702912
2818,793,-1290346495
2625,683,894832640
2213,797,760668160
4130,1387,538361858
2332,600,1498877954
2085,602,1347862528
3354,985,-2074664960
2607,1107,-86634496
2185,642,-824762368
3502,1446,446095362
3136,1042,144117761
3489,941,1301716992
21621,8036,1926684672
1722,480,-707325952
2769,945,1293287425
5223,1624,-208232448
3148,739,1805066241
3194,905,794214400
2397,559,1045884928
1966,525,-1412104190
3216,1164,122974208
2990,929,525729792
4489,1644,1670848513
3860,1707,-988340224
3043,759,827781120
2608,807,1968504832
2171,520,2056564736
2203,624,420925443
4322,1126,-1198125056
2278,548,-715722751
5145,1554,56025088
2677,1002,-1948848128
6704,2941,1968611328
2964,1026,1100390400
3437,1081,135733252
8104,3598,362160128
1600,354,2023165952
1870,573,60059648
2961,928,1192693763
1865,471,1503059968
3322,1154,1020719104
2622,688,-1927868415
3898,1545,-388558848
3843,1382,85389312
2479,703,-522932222
3554,1155,706158592
1941,391,43282432
1990,555,-1831411712
7491,3127,-82395136
26699,12656,370593793
2625,734,-195633152
3268,1082,2098663424
2229,566,1775673344
12366,3489,-338235392
2925,972,-1600884734
3311,1054,-1462317055
2497,774,1939218433
4855,1357,-921300992
3499,1001,1725304832
3889,1041,-988532734
3590,1407,-548012031
2116,458,488042498
2855,937,1029054464
2692,616,597032960
12384,5186,-535355392
2244,571,-1990844415
2634,627,-1567178752
2495,508,-44621824
2474,960,-451469312
23174,9451,-1923874812
2658,806,-1881907200
2320,584,2077511680
4192,1815,-1080635390
2668,747,-933838847
2263,680,941015040
7632,2765,1658085382
2687,699,437518336
2102,595,-1109975040
3365,1358,-32104448
3101,965,-959049728
2266,511,2090209280
2793,1258,794169345
1985,609,-841555968
10404,4682,-1546248191
6041,2651,1188478976
2194,520,-313061374
1386,330,-1269379072
2104,630,2002186244
1918,446,1255481345
3203,871,-413720575
2263,642,-870969343
2487,667,978743297
3027,1210,-959025151
2636,1212,1846829056
3410,992,915853312
2732,915,1582698496
2580,634,-908652544
2507,687,672583682
1465,384,1104592896
1310,343,47632386
2363,634,307695616
1890,456,97964033
2294,965,844566528
4823,2026,-1076490238
16977,6049,982970369
2842,748,383172609
1543,335,-988409855
3338,1313,1834352640
2427,691,-124473344
3054,1200,-1596719104
3209,1023,-1269497856
3066,1276,-1302913022
2065,501,-216748032
2447,681,941015040
3463,1412,752295939
4755,1905,1758916609
3339,1017,1880559616
3068,1175,966180864
2550,680,525758464
3214,1029,-766062590
2368,685,118824961
4926,1828,-782893056
2467,716,-342487039
1502,365,-489394175
2401,659,-334073856
2573,1029,-115970044
3242,1169,-128552960
3052,1181,907472896
3210,784,206970881
1887,761,1620496385
4635,2130,-1395232767
4453,1839,-1193885696
8779,3625,-1831575551
3682,1470,-1151987711
2663,624,282529792
2879,1114,865492992
1614,594,-103358462
2688,791,-2120826879
2785,948,1209294848
36263,14583,769015808
1521,290,1796620288
2062,626,-136916991
2027,508,1670799364
4217,2063,-199876608
2990,941,2098593794
3451,1039,-1810616319
1764,373,1444319232
2727,599,-854196224
2567,416,794218496
2474,802,1955991554
1558,378,525672448
5119,1984,-1118367744
1802,644,-1160499200
3394,1250,-1047126016
2250,507,-254517248
2910,747,1377087488
7977,3255,-694743038
1737,624,-430534656
1884,470,-602513408
2703,761,412512258
2463,884,-1470754816
1792,609,2127851520
2304,819,-1336627198
2908,892,1402388480
6914,3685,-610889726
4421,1564,1544859648
3217,1384,1821769730
1860,420,1859522560
9469,3515,-296329216
2564,833,-485072895
2172,795,399917056
1672,399,-204054528
2918,971,-1797971967
4003,1676,-1852387328
2902,1021,1058304000
1979,517,-1105817599
2413,572,303456256
4100,1153,1704202240
2687,858,-1718218752
19590,7742,1490944
2605,670,1293185024
2999,888,-535547904
1736,340,-1307111420
3634,1269,-803848192
4163,2000,1955991552
3336,1042,-32075776
3834,1289,664076289
2205,524,378998785
2358,822,-1458126848
1322,284,-1693032446
1990,614,-749395967
1908,459,462823424
3296,861,-174649344
2698,896,253149184
1693,417,-644444160
2833,1042,-1491677184
2535,742,1725349889
3710,1707,-543801341
1447,373,139853824
1390,456,-631848959
2469,702,152317952
3074,1189,35012610
2187,755,-1865007104
3256,938,22327296
10512,3935,1670803457
2250,642,1687560195
11802,5606,-208203775
2075,460,1079386112
3451,1454,844550146
2279,954,-2020163584
3320,1118,1716957185
2014,722,55848962
1163,243,-1927933952
3119,1011,-984301567
2038,519,1695985664
2761,886,1364594692
2140,781,-434728960
2123,791,1129730049
2267,703,1465122817
1398,376,-908660730
972,192,1335275520
2251,669,-1072254976
2641,710,1435955200
2351,732,290729984
9432,4531,34996226
2268,843,-1953189888
2164,588,118755332
2869,789,-384499711
1750,364,1721016320
2775,1134,-1495920640
2527,959,-808042496
2425,722,-631848960
2462,853,-1395392512
1971,513,1440002049
1925,579,1523908609
1621,245,1645608960
2013,543,-1797910528
2081,548,-791232511
20451,9302,-1324052480
4417,1928,1435955200
5523,2315,-2057932797
2195,511,1561726976
5887,2493,-724111360
2370,995,-1730744319
2275,610,-1600847872
8758,3237,2140454913
3526,1473,-1747582976
4195,1215,-782893056
2863,818,487981056
3752,1386,148271105
1920,553,-753487871
3304,893,-1500057599
2232,579,1762959362
2212,678,-615096319
2235,735,-1084837888
3154,1168,-2120859648
2525,422,1066663937
1851,643,-959053824
2126,531,1779851264
1653,603,794193920
7627,2945,2127990785
2390,582,244748288
3298,1479,521580544
2978,792,1519841280
33431,15896,-162074624
3071,1178,-1466503164
9592,4027,1096159232
2691,653,1393963009
3392,1071,-53047296
2102,449,886452225
3144,1216,1280589825
2374,675,-229183488
4174,1441,1750511616
6914,3177,693514240
3264,1060,1100349440
3548,467,-661336064
3561,1476,-1491726336
1900,537,1503002624
2134,829,-1537818624
2760,1015,-1235943422
9030,3571,-1302941696
3068,1243,-1588183039
2684,965,-791257088
3939,1182,39239680
2005,568,-1860911104
8287,3340,-950636543
1246,212,1779838976
3876,1391,479641601
2193,1052,-506032127
1942,519,-1550528512
3537,1194,576098304
2043,671,-1818841087
2032,476,-917094398
4173,1448,-1709789184
3847,1136,1683382272
1952,350,-1533648896
2645,985,-1554759680
2661,1128,-2078920703
2835,1078,-1311494144
3392,1375,227803136
6572,3362,475422720
3214,973,-350961664
2680,1008,710291456
2455,683,-753487872
3946,1618,-1764315136
7739,2430,1826025472
2966,934,1737895943
2913,1055,685174788
3441,926,710197248
2190,669,139890688
2011,572,-619401215
2184,745,1888763904
37382,16839,873918464
2507,1120,-1961492479
1535,443,-1156149247
1329,363,-694788094
3104,1092,-518639612
2098,609,1251368963
3474,1174,-791265278
7675,1790,1683238914
2262,683,1834270720
1679,469,-606670848
3093,994,-1177157632
4207,1226,-1084858368
3299,1181,-136908800
5006,1709,-178888704
3236,955,932622341
6671,2041,1129594881
3175,1548,-1059803135
2842,1048,2039902208
2497,831,1725313024
12951,4120,-1332412416
1793,449,-300544000
2671,935,1641459713
1935,476,404131841
3599,1312,-539561983
14489,5846,2144780289
9426,4139,-652832768
2665,752,68435968
3981,1841,1599500288
3251,967,-1613303805
3264,1112,-174706688
1475,277,-27906048
1508,541,-350945280
2442,494,68599809
3742,1500,2052481024
2456,669,-1407807487
4629,2029,1867935744
3235,1060,-1898561536
2105,441,-2078904320
2439,632,-1579929600
1782,368,2010517504
3508,1340,827756544
2398,825,-946409472
2877,1045,567545856
2671,715,525647873
3667,1359,1444311041
4282,1937,1184264193
1744,489,328597504
2579,750,1003905024
1461,500,-359219200
1475,296,106360832
2867,1190,-1000935424
2168,506,2090250240
3931,1568,1775636480
2354,744,332828672
3659,1757,315928576
2316,956,1532362752
2744,916,-1265225727
3613,1388,1079402496
12941,9074,-950628352
2614,888,2115387392
1999,656,991211520
2477,628,492224512
2886,1243,-1172926464
2392,775,1469382657
36647,14172,-975769599
3119,1114,-1462489088
2113,805,1435922432
2183,833,-711675903
1669,469,1855340544
4830,2098,1540780034
2669,726,819367936
3400,1277,1695965184
3181,1485,1712762880
2108,643,-1764450304
31984,19012,-1403588608
21570,8122,1247178752
2801,1038,1612099584
2988,1162,-384368640
6019,2592,-841547774
17130,8193,1876168704
2259,672,-1563004927
2329,1179,1909895168
1664,464,-489385983
2595,907,584507392
3471,1171,43298816
2828,915,-770306048
3562,1367,-1592455166
1644,478,-1235849216
7170,3314,1347584
3777,1691,-308928512
2881,1480,-1445572608
2058,416,588582912
4021,1558,-434720767
5508,2564,-938024960
4242,1825,-929673216
79706,31962,-959033344
1600,418,1331109888
1883,429,1964396544
2458,917,-191627264
1737,541,886366208
1311,257,894857217
11489,6097,613683200
1600,365,307552257
13773,6362,-1743323136
1353,410,-1126805504
4855,2091,-1248415744
3069,977,257351681
3398,1447,1318510592
1235,319,1670840320
2494,849,-787079168
3340,1507,-1336537088
1948,958,-1797869568
1863,801,936820736
2132,710,525770753
1299,463,429289472
2445,1156,1410732032
6953,3679,-1982459899
1068,229,-1885974528
1349,283,-183078910
1088,236,1817640960
3639,1507,1343533056
1644,530,1947648000
1238,405,869707776
1992,706,1817616384
3548,1642,-2091458558
2752,921,-1068077056
2780,1071,659976192
2239,809,-27877376
1308,392,-883552256
2171,862,1633083392
1728,369,-468299776
2071,750,1679237123
12712,4918,1209409537
2240,717,1159127040
2100,711,-929763327
23009,15604,-153718784
1812,664,1830187008
1417,420,-279527424
4995,2026,-413855743
2885,962,-724123648
1079,199,1649823744
1877,433,1784049668
1154,379,-1567293440
2309,783,1620336640
1197,278,-883638272
2584,1111,-1324044288
1869,550,-816517119
1510,530,794193920
11575,4653,-1974034432
1719,665,-829026304
1393,345,-1248567295
2072,547,-183214080
1215,287,-812204032
75529,30908,-661209088
1736,576,-619294719
2274,1033,1129717760
1903,657,-1638526976
2805,1152,940974080
2993,1416,-1114337280
1310,432,1368858624
1614,567,2144804864
2125,849,2111094785
2370,951,-908713983
4157,1391,1599512577
1628,566,-1080684543
2669,1286,-1516957696
2261,869,1473699840
1509,531,1444331520
1044,231,51777536
10208,3385,2115264512
1621,464,1821696000
1162,343,-1219055614
1877,812,-1063862272
1963,683,-1517027328
640,95,2119503874
1804,411,1586962433
1180,376,429154304
1032,285,521592833
1282,462,-32178176
17029,5772,836128768
3120,1287,387223557
1286,594,1695981568
1823,971,1716842496
1513,559,-1374248960
1676,511,2098659328
1037,228,-883535872
32393,16744,668229636
3878,2243,-2838528
2748,1271,-1835794432
3565,1580,517406722
6217,2553,1159073792
3697,1665,-518647807
933,230,169242625
1175,298,974594048
2113,891,-90787840
1282,484,1507205120
1938,775,-1982398464
956,249,-1642680319
2765,1123,81199104
1050,321,1477902340
2682,1176,508981249
974,223,739684354
1546,463,-2003394560
2221,1092,55873537
850,350,-933867520
2989,849,1574371328
2484,1074,2048266240
1091,246,-912887808
809,205,-875159552
1979,1184,-250187776
1100,463,-619274240
1804,776,1763098625
780,233,227991552
1350,443,1985355776
1445,458,823443456
1386,545,-1269428224
1087,381,1901518848
637,89,1075113984
1130,464,366366720
1582,638,1695961088
901,250,-1080643584
1420,483,1792466944
1013,262,1708531712
1664,569,492089345
1480,564,596967424
6151,2010,-749293568
1044,352,1205264384
1097,387,-816398336
1420,533,-1185517568
674,137,559341573
1183,454,1356075009
1487,563,-409550843
835,309,-1529430016
1391,511,-1089028095
14541,5780,-1214992384
1548,723,-485048320
892,224,1645617152
1618,838,1339469824
1285,448,-1407836159
1449,542,-1495875584
748,165,785821696
974,282,-2141806592
6271,2170,-1307176960
3263,1276,110542848
1425,482,2081820672
1395,628,-669573119
711,125,878108673
1086,407,-661319679
835,204,-917106687
1759,1198,-1562976256
1109,298,-283750400
1539,624,840171525
1181,344,1511317504
1921,936,1813422081
1146,366,-485048320
3143,1609,-1441378304
919,250,-267100160
3487,2027,-266985472
1019,297,-1961435136
827,269,-1193877504
1061,279,1196847104
1085,384,1138139136
1236,398,1293316096
1413,554,-719933440
3732,1910,1469489152
1707,639,206966784
1244,485,-841605120
1414,432,-266919936
1349,456,-552165376
1233,358,383041540
706,235,2052513796
1084,352,-1856614400
1578,711,961875968
1170,352,1201057792
818,267,-1550376959
1362,550,-866848768
1001,299,-1374261247
1424,660,-2007625728
1470,562,907419648
1634,529,1750474752
732,207,-1894379520
2461,1234,1414926336
952,266,747954176
1245,568,-833150976
13241,7746,865517568
860,250,-2045440000
7388,3107,-665444350
1050,356,-443146240
1402,711,-1562968064
2202,827,-1273688064
1661,613,143962112
1932,704,-44621824
936,284,412512256
971,286,-1432952832
1236,534,-1667956736
1790,983,328511488
1648,889,571912193
930,351,1695870977
1300,528,1570156545
1396,627,-1953083390
1342,491,1062666240
888,417,-1063837696
1515,822,-837505024
1012,352,-1101594623
1296,553,1263861760
1235,479,-615092223
961,313,-7012352
1273,481,383016962
1202,564,-719921152
1098,379,-1563029503
1095,389,693510144
1309,597,-1781092350
933,330,-631832573
707,178,51793920
1009,355,39231489
621,165,1725349888
1092,428,-237584384
1111,584,1578557441
709,124,1201070081
1408,686,299302913
1332,522,-250175488
6348,3289,-677986303
1471,602,-1672065024
1119,330,-1617514496
2760,1509,320212994
1409,722,1029074944
1696,592,-2015973375
674,155,-367599616
881,316,-1156141056
1793,982,-174678016
767,207,928391170
2222,1123,-892010496
997,361,-338378751
858,350,-1215033344
1713,677,1301725185
2343,1117,1733738497
987,363,525803520
924,355,-2024341504
1266,506,-946565119
8344,4072,-929644544
1304,563,194445312
3404,1354,-220835840
1386,655,-2066309119
1223,541,-1655304192
1098,479,827760640
884,430,550952960
6924,3396,-300539904
1172,492,2052521984
1643,891,1935073280
1333,743,-1030316032
734,232,-2016010240
1414,737,-866775039
8339,4252,496287744
12555,7068,-287916032
1320,579,718696448
1939,1027,1003806720
1074,550,1930870784
918,383,764850177
1154,393,-266944511
1006,565,-317259775
833,255,-1885986816
1368,520,-719974400
935,288,-657170432
1572,694,529981440
6857,3477,-1298751488
894,437,1398185985
987,458,181805056
570,191,-1173049344
748,227,-703135744
1421,732,-1781198848
1083,291,878116865
394,147,-1546182655
475,114,546619393
940,418,878096384
722,206,2127859713
1098,333,-434692095
855,338,1972658176
1621,1071,1796648961
362,79,894877696
698,212,2048270336
654,150,345419776
652,212,873922560
1129,642,1331056640
902,393,-1470693376
733,188,-287891456
3430,2463,852934656
1341,755,1209335808
1118,425,1284825089
1085,287,-2129235968
24141,8486,1591140352
578,189,-363397120
1086,676,-2095702016
430,119,882253824
719,209,987009024
5422,3956,-1684623360
760,182,-531185664
596,92,-933879806
3116,1502,-1625890815
1102,265,-1844178940
1141,481,-1219026942
1921,932,-1772728320
334,86,198647808
722,232,437583872
807,269,764850177
651,233,605462529
593,196,-329887744
808,378,-329842688
1523,751,-279527424
773,282,1733738496
322,71,462749696
1053,408,1247158272
429,108,-1613451264
943,500,727105536
811,348,-1860771840
1178,478,-225153024
760,361,2136391680
580,237,328491008
735,275,1687457792
240,40,-380211200
10488,4896,1188474880
1479,720,-1542041600
348,84,1242976256
950,535,-1252651008
537,200,773197824
1171,634,-724127744
6592,1935,890642432
630,192,102154240
1034,503,-1395240960
1370,626,1863770114
322,109,1150685185
1353,604,1121325057
512,155,1544994816
1277,612,-1479090175
610,306,1683361792
556,313,-1055502335
1981,869,-1688805376
545,215,135593984
418,150,1834393600
549,199,630607872
739,264,735510533
323,64,605466626
414,105,433389568
3800,1193,-996933632
421,128,1452605440
688,275,1322545152
1000,325,-1906921471
685,244,290914304
2180,1190,1700192258
1548,764,-443080704
610,229,836149248
744,326,1297522691
652,323,676745216
633,166,555163653
741,110,-1454043136
580,264,-371843072
326,90,-426319872
318,82,-283840512
436,154,143921152
298,58,1578573824
496,156,-1101746176
366,98,1893101570
229,53,-141234176
797,386,538251264
257,64,-1957269504
379,108,-1344909312
344,130,341049344
651,276,941031425
790,422,936820736
3461,1777,940896257
930,353,-1273569280
504,147,412422144
1465,904,899096576
425,134,-782852096
1566,989,-1886081024
229,54,1356242944
376,120,-254476288
357,72,1943343104
1308,709,-1432981504
485,173,-892014592
452,148,970375168
609,219,852930560
364,118,1842806785
2638,1247,928448512
621,255,1016520705
424,176,-912871424
1001,410,-1323954176
565,114,2132156416
490,201,-1143705600
1176,397,777408512
429,159,-1080791040
984,462,1616187397
640,302,-1655279616
729,367,-795410428
567,241,-854188031
20458,6216,-254476286
430,224,-640278527
726,336,295063553
664,322,-342597630
881,453,-1260969984
541,161,-1965645824
527,297,-317321216
776,338,-560553984
1276,564,-313090047
690,233,2115391488
273,69,2073362432
258,55,-162070528
314,98,1209270272
390,146,-1378480128
516,291,139919360
444,158,467050496
425,132,-1319698432
557,261,1414995968
694,365,-2036969471
517,214,-434708479
863,516,-1474887680
859,517,-2074718208
1051,526,-61452288
1021,480,295092224
2740,1580,-527142912
697,308,735490048
309,110,-665407488
379,127,1725341696
1396,741,1544814592
195,38,-266973184
606,311,1863716864
238,51,1238802441
503,215,932622336
444,210,-1089056768
245,70,1767288832
451,218,-1672065024
318,101,370569216
402,127,-1298763776
414,230,1612099585
446,142,1670803457
869,500,-1227448320
612,293,-2053709824
236,29,831971329
493,133,-350838784
807,226,-577351680
544,230,-736849920
1268,587,634785792
953,471,-942211072
6050,2771,1226235904
292,101,1410793477
502,192,211202054
543,189,-1579769856
636,192,672595969
472,189,790028288
481,299,496398336
564,274,483831808
655,232,-896110591
1226,768,-468271104
292,108,-1848217600
203,54,-510234624
476,293,1834373120
833,368,39264256
1829,1046,-258547710
797,465,1578565632
381,114,1486254081
613,392,563552256
2942,998,1427554304
235,74,-1617645567
287,60,1398202368
1031,477,2006253568
322,93,1700007936
686,320,-1521045503
401,240,1997836288
230,54,-1282076672
429,207,-908853248
369,144,-1470889984
468,310,-36249600
0,33,85233664
0,32,1112870912
5625,2201,739684353
330,119,1708552192
843,506,-1227481088
197,63,-1818828800
800,506,-1907068928
454,227,-510357504
1648,1077,-229187584
359,184,542412800
6610,2055,-1101791232
525,213,856973312
504,259,-288047104
519,218,693395457
249,94,-971632639
186,57,1960112128
300,85,-460013568
758,558,-1676222464
439,227,1721147397
300,82,1888935937
454,215,1750339585
190,52,-573104128
353,155,525635585
474,233,-1571381248
600,255,-1009311744
373,98,274145280
724,391,1754681344
13925,5965,865513472
185,53,-988409855
591,444,-711544831
236,76,-2108248064
214,81,303505408
2612,1095,1884729344
250,60,-426319872
46326,16356,1339342848
4470,2117,823459840
319,124,1591156736
325,119,-1147883519
387,115,1725304833
160,42,-1705566208
212,51,-237764608
180,47,366411777
435,215,756346880
235,85,-1466646526
2471,940,945217542
782,535,-1386827776
203,77,1465327617
244,91,1129615360
496,241,-1055518720
225,86,-1240031232
723,469,-1995018240
370,183,366419968
335,167,-2053873664
223,62,-1529438206
414,210,2035548160
180,45,-1860825088
1082,595,1926676480
224,76,-1944780800
500,203,-812232704
98,18,-1810448383
117,42,1683365888
159,49,873861121
301,180,-1969823744
157,78,1087684609
304,107,9895938
114,43,-1093341184
418,312,144056321
100,34,160882688
160,80,-1848238080
176,86,1175867392
739,531,1796501504
206,71,1263800320
280,129,-1277779968
184,85,1377177603
469,324,-1298735103
139,62,441716736
161,74,1800716288
96,32,-581562368
13640,6083,643211264
73,11,1754681345
143,63,-1839984640
156,68,85385216
104,42,1368788992
303,147,911671296
137,54,-36302848
452,201,-65593344
107,55,-568918016
273,129,-585719808
413,224,-631824384
1150,794,-1655267328
125,55,-44675071
99,41,1796677632
279,134,-1043066880
117,43,1423360001
121,43,403988480
2456,473,2098642944
